id,name,host_id,neighbourhood_group,price,minimum_nights,number_of_reviews,last_review,availability_365
44096,Room with a View,190409,Bronx,40,1,219,2019-07-04,353
12345615,Natural light comfortable room!,52196858,Bronx,59,1,120,2019-07-02,336
12774885,"Spacious, cozy bedroom in a private home",69507287,Bronx,40,1,151,2019-07-01,338
11147993,A SUPERB One Bedroom Apartment,57954654,Bronx,85,2,147,2019-07-01,304
54626,Cozy bedroom by Yankee Stadium,190409,Bronx,45,1,138,2019-06-30,323
2008227,Private Studio in Private Home,9539641,Bronx,53,2,143,2019-06-30,263
18795447,Large Private Room in Heart of Diversity.,89071431,Bronx,55,2,112,2019-06-30,271
20772204,"NO XTRA FEES, 30 min To Grand Central:Pvt Entrance",82889379,Bronx,55,1,156,2019-06-30,318
7869876,"Entire floor of house Very Private 2BR suite,SUNNY",17382996,Bronx,90,2,152,2019-06-30,299
3400359,Awesome Deal NYC,16286162,Bronx,49,2,114,2019-06-29,240
9788114,Large Private Garden Apartment in Townhouse,785524,Bronx,87,1,132,2019-06-29,211
4031463,Comfortable Private space with a terrace,20900568,Bronx,50,1,108,2019-06-28,261
18914730,IDEALLY LOCATED COZY COTTAGE,1776707,Bronx,95,1,266,2019-06-28,345
13348000,"Home*Sweet*Home
Quiet neighborhood",69546772,Bronx,89,1,192,2019-06-26,303
1278784,Private room minutes from midtown!,6959061,Bronx,60,2,147,2019-06-24,213
773041,Nice beautiful room In the Bronx,3684360,Bronx,38,1,187,2019-06-23,241
755528,PRIVATE BATH/TONS OF SUNLIGHT/SAFE,3684360,Bronx,49,2,189,2019-06-23,238
22400368,Forest Houses City Getaway (No Hot Water),158568617,Bronx,60,1,104,2019-06-23,365
149777,Artsy 1 bedroom Apt. 20 min to 42nd Grand Central!,716306,Bronx,77,1,197,2019-06-23,309
18584742,Cozy room across the street from the high bridge,128692351,Bronx,80,2,100,2019-06-23,338
11138823,A beautiful Cozy 1 BR Apartment.,57885474,Bronx,90,2,199,2019-06-21,319
858695,Very Large Private Room on quiet st,4494343,Bronx,30,2,291,2019-06-20,208
245544,NY/ Big Room for 2 near Manhattan,1260921,Bronx,42,2,108,2019-06-19,302
13436258,One Bedroom Apartment  in TownHouse,5944946,Bronx,99,1,103,2019-06-18,264
14301951,A beautiful cozy room with balcony,87370616,Bronx,75,2,110,2019-06-17,350
18540170,Great room across the street from the High bridge,128692351,Bronx,100,2,107,2019-06-14,344
715270,2 Beds/Queen & Full Beautiful Room 40 minsT.Square,3684360,Bronx,39,2,169,2019-06-12,306
8772654,Friendly-colorful-cozy W/ breakfast,45990565,Bronx,33,2,103,2019-05-31,282
9260415,Comfy Room Near Bronx Zoo and NYBG!,48106825,Bronx,47,2,138,2019-05-20,353
9716234,Cozy with Great location !!!,43719073,Brooklyn,35,1,104,2019-07-08,352
25229464,Anita's Grey Master BedRoom,185524223,Brooklyn,62,1,107,2019-07-08,263
8308797,shared space with Great location!!,43719073,Brooklyn,45,1,135,2019-07-07,351
9140055,Room and Breakfast  -  Room 1,35322092,Brooklyn,49,1,136,2019-07-07,200
21769981,Private room w/ bathroom near Prospect Park,157262166,Brooklyn,59,2,102,2019-07-07,347
13101855,Garden level studio w/backyard,45197707,Brooklyn,90,2,125,2019-07-07,302
14987023,Cozy 3rd floor room at Brooklyn&Breakfast,344035,Brooklyn,40,1,168,2019-07-06,309
8210379,Comfy garden level room at Brooklyn&Breakfast,344035,Brooklyn,60,1,186,2019-07-06,293
8002080,Luxury  suite.(private),42243297,Brooklyn,65,1,287,2019-07-06,308
1042416,Sunny Brownstone  Attic,5738733,Brooklyn,70,2,210,2019-07-06,288
15853165,Private and Cozy Bedroom in Williamsburg,89759874,Brooklyn,72,1,154,2019-07-06,215
14359772,(1)Comfy Home Away From Home/Multiple rooms!!,88043058,Brooklyn,83,1,110,2019-07-06,307
6438456,"Private! entire studio, own entrance, private bath",33614329,Brooklyn,85,1,208,2019-07-06,197
11359148,Cozy Garden  Apartment,42389158,Brooklyn,85,2,168,2019-07-06,246
3533604,Private Room in a two bedroom apt.,9510645,Brooklyn,96,1,332,2019-07-06,355
6027345,Newly renovated historic brownstone,2881,Brooklyn,65,2,280,2019-07-05,249
10605445,Big Sunny 3rd fl Room at Brooklyn&Breakfast,344035,Brooklyn,70,1,238,2019-07-05,313
23584507,♥Private Master Bath | Express Train+Free Parking☆,34177401,Brooklyn,86,1,154,2019-07-05,311
3831,Cozy Entire Floor of Brownstone,4869,Brooklyn,89,1,270,2019-07-05,194
4553721,Art Large bedroom  Brownstone for 1 or 2 persons,2480939,Brooklyn,90,1,194,2019-07-05,229
16175456,Large luxury private room in Williamsburg!,1314045,Brooklyn,99,1,230,2019-07-05,353
10444139,Budget Room at Brooklyn&Breakfast,344035,Brooklyn,45,1,204,2019-07-04,324
4586880,Vintage Room  in  Brooklyn,23776693,Brooklyn,50,2,100,2019-07-04,260
11620118,Amazing view from a private roof!,55468128,Brooklyn,62,1,208,2019-07-04,260
9915643,Lovely Suite (private bath) near Botanical garden,33021531,Brooklyn,99,1,186,2019-07-04,232
21089520,Closest to Home,151139950,Brooklyn,100,2,115,2019-07-04,225
747538,"HUGE mid-century modern, sunny flat w/ amazing cat",2293050,Brooklyn,61,2,167,2019-07-03,320
6225974,Central Williamsburg Room,909577,Brooklyn,71,2,162,2019-07-03,332
15083823,Artists rustic 2 Room studio  in Red Hook,7018895,Brooklyn,85,2,132,2019-07-03,244
12022098,Charming Park Slope Apartment,8303104,Brooklyn,89,1,102,2019-07-03,269
25995062,Private room with balcony with ROOFTOP terrace,177314795,Brooklyn,90,1,100,2019-07-03,316
2019755,Front Studio in Loft Apartment - Steiner Studios,10383481,Brooklyn,100,2,100,2019-07-03,280
11219289,A big Sunny Room.,58453451,Brooklyn,33,1,147,2019-07-02,231
17557873,Renovated Comfortable Room for 2 or solo traveler,10475653,Brooklyn,45,1,108,2019-07-02,243
21594210,It's a Beautiful Day in Bed-Stuy!,19536596,Brooklyn,48,1,114,2019-07-02,235
4553528,Brownstone Williamsburg room with skylight Create,2480939,Brooklyn,58,1,210,2019-07-02,217
7837816,"Bright, Cozy room in Brooklyn",19483885,Brooklyn,60,1,184,2019-07-02,240
692567,Bushwick Creative Den of Bliss,3541525,Brooklyn,84,2,138,2019-07-02,225
7111050,Cozy Couch In Great Space Perfect For Backpackers,34546849,Brooklyn,29,2,102,2019-07-01,288
852632,Gowanis Urban Oasis,4451246,Brooklyn,44,2,155,2019-07-01,325
8291897,Cozy with Great location !!,43719073,Brooklyn,45,1,126,2019-07-01,342
21609205,It's Always Sunny in Bed-Stuy!,19536596,Brooklyn,48,1,106,2019-07-01,243
11146432,Cozy top floor room at Brooklyn&Breakfast,344035,Brooklyn,50,1,257,2019-07-01,286
6385039,Historic room in renovated brownstone,2881,Brooklyn,52,2,110,2019-07-01,220
3531018,It's The Brooklyn Way !!!,12291588,Brooklyn,59,1,142,2019-07-01,318
7979237,New Guest Room at Brooklyn&Breakfast,344035,Brooklyn,60,1,197,2019-07-01,324
9362344,Spacious Room in Trendy Brooklyn Area with Yard,820010,Brooklyn,60,1,145,2019-07-01,313
8522933,Charming Cottage in Huge Victorian,44018877,Brooklyn,77,2,136,2019-07-01,265
6195564,Beautiful Room near L train,14600914,Brooklyn,85,1,118,2019-07-01,327
6796530,Stay in our wonderful loft!,35574300,Brooklyn,98,1,238,2019-07-01,236
1733054,"Williamsburg Brooklyn, Parkside Penthouse NYC View",8072802,Brooklyn,99,1,340,2019-07-01,263
3081771,Luxurious Brooklyn Getaway!,15681707,Brooklyn,99,2,190,2019-07-01,287
9976264,Spacious/Beautiful Private Room,51262617,Brooklyn,100,2,101,2019-07-01,284
14234561,Newly renovated studio in hip Bushwick near subway,3605061,Brooklyn,100,2,152,2019-07-01,251
25796599,Common Single Room # 1,190981544,Brooklyn,40,1,125,2019-06-30,325
240800,Private Room Near Brooklyn Museum ,1263176,Brooklyn,55,1,147,2019-06-30,293
1354973,Gorgeous spacious. 2 subways close,306394,Brooklyn,59,1,123,2019-06-30,336
12813068,NEW NICE CLEAN & COZY PRIVATE ROOM,21091779,Brooklyn,60,1,104,2019-06-30,293
1267945,nice room in bedstuy I,6885157,Brooklyn,65,1,119,2019-06-30,313
7453537,Lg Prospect Hts Room at Brooklyn&Breakfast,344035,Brooklyn,70,1,258,2019-06-30,320
15001872,Cozy Convenience in Bushwick,91997718,Brooklyn,70,1,109,2019-06-30,364
6334492,Spacious PRIVATE Room on Brighton Beach,27295569,Brooklyn,75,1,127,2019-06-30,247
9597627,Beautiful Room - 20 min. to Lower Manhattan,37450458,Brooklyn,77,1,118,2019-06-30,216
4866426,Private Room in Prime Brooklyn Spot,2346300,Brooklyn,80,1,168,2019-06-30,272
7789850,Huge Room with Private Backyard - 25% OFF,1418015,Brooklyn,80,2,158,2019-06-30,204
419373,Stylish Loft w/Lovely Backyard,2085639,Brooklyn,90,2,206,2019-06-30,236
1112070,Private Room & Bath in Brooklyn!,350702,Brooklyn,95,2,132,2019-06-30,354
8133275,Victorian House near Brooklyn College,33519200,Brooklyn,97,2,100,2019-06-30,307
6087959,2000sq $2 million 3 story townhouse,28023382,Brooklyn,99,1,183,2019-06-30,196
10279086,The Mahogany Suite(Private Studio Apartment),52862385,Brooklyn,99,2,110,2019-06-30,271
15685669,Private room in Williamsburg. Very close to train!,1314045,Brooklyn,99,1,220,2019-06-30,352
299531,Feel like you never leave your home,1220404,Brooklyn,100,1,119,2019-06-30,289
1317612,"Sunny Rm #3, Air Conditioner, Park,Express Q train",2478675,Brooklyn,36,1,173,2019-06-29,360
12370347,Super Sunny Room with Fireplace!,116382,Brooklyn,48,2,107,2019-06-29,268
19891174,Bright Room in the great neighborhood ofPark Slope,55468128,Brooklyn,49,1,109,2019-06-29,258
2051675,Nice modern room by Prospect Park!,4684532,Brooklyn,57,2,199,2019-06-29,265
8388864,Quiet Bedroom in Cobble Hill,36688169,Brooklyn,59,1,151,2019-06-29,325
8472069,Cute & Comfy Williamsburg Refuge,3826160,Brooklyn,80,1,215,2019-06-29,232
2193945,BEDROOM WITH PRIVATE BATHROOM,11189139,Brooklyn,90,2,145,2019-06-29,250
20265425,Welcome to New York City,101369464,Brooklyn,100,2,115,2019-06-29,323
962045,"Private Room & Coffee, only 3 blocks to Train",5239845,Brooklyn,62,2,324,2019-06-28,267
9310959,"Cozy, 1 bedroom Brownstone Apt",7065964,Brooklyn,75,2,161,2019-06-28,183
1712660,Cosy Room in Great Location -W'burg,2332618,Brooklyn,89,1,214,2019-06-28,354
17332200,Renovated Cozy room  for 2 or solo traveler,10475653,Brooklyn,40,1,122,2019-06-27,222
2994659,Private cozy room,15266695,Brooklyn,43,1,127,2019-06-27,220
8704528,Private bedroom & bath in Red Hook Bklyn for solo,45694156,Brooklyn,50,1,190,2019-06-27,188
14237346,Cozy room at Brooklyn&Breakfast,344035,Brooklyn,55,1,102,2019-06-27,281
64365,Crown Heights Garden Apt.,314582,Brooklyn,60,2,227,2019-06-27,287
9826628,"Cozy Room, Huge Yard, Trendy Brooklyn",820010,Brooklyn,60,1,113,2019-06-27,332
4280053,Clean Room by Metro/Subway -15mns to Manhattan,20243795,Brooklyn,80,2,100,2019-06-27,365
8097567,Giant Sunny Room at Brooklyn&Breakfast,344035,Brooklyn,85,1,222,2019-06-27,290
17027226,"Modern,Elegant,Private,with parking spot,safe area",114219274,Brooklyn,87,1,116,2019-06-27,242
7134343,Modern Apartment in a Historic Home,37368735,Brooklyn,97,2,120,2019-06-27,292
12168212,`A BEAUTY IN BK,7039396,Brooklyn,79,1,130,2019-06-26,258
1744216,Prime Williamsburg Large bedroom for 1or2 people,2480939,Brooklyn,85,1,221,2019-06-26,206
3303165,Ocean Hill Oasis,4279827,Brooklyn,99,2,148,2019-06-26,235
14967994,Seaview Studio in  Brooklyn New york.,94265445,Brooklyn,100,2,161,2019-06-26,327
8664965,shared space with Great location!!!,43719073,Brooklyn,35,1,116,2019-06-25,351
15982208,"Huge Yellow Room- AC, 20 Min to Manhattan",103841276,Brooklyn,45,1,158,2019-06-25,201
14092236,Big bright room in 3 bedroom duplex,84779589,Brooklyn,65,1,149,2019-06-25,185
15829202,"Single Bed  room in townhouse, near subway",102482048,Brooklyn,35,2,106,2019-06-24,349
16772578,Cozy sunny NYC/BK view,87690038,Brooklyn,52,2,101,2019-06-24,329
19227365,Master bedroom in large apt minutes from Manhattan,86327101,Brooklyn,55,1,119,2019-06-24,205
1888006,"14 Min 2Union Sq, Manhattan with Private Entrance",9820942,Brooklyn,58,1,236,2019-06-24,350
4218129,Special OFFER on Airbnb NYC Room!,21641206,Brooklyn,59,1,350,2019-06-24,328
2748128,The Haven 2beds,11757212,Brooklyn,69,1,159,2019-06-24,280
13082571,Garden Overlook,72318418,Brooklyn,69,2,132,2019-06-24,365
42580,Parlor Room In Victorian Townhouse,137814,Brooklyn,70,2,294,2019-06-24,336
5926953,"Modern, Cozy & Bright Private Room and Bathroom",30430827,Brooklyn,70,1,152,2019-06-24,249
6608666,Lively Rm w/Private Entrance & Bath,34546849,Brooklyn,70,2,131,2019-06-24,255
31994,Room with En Suite Bathroom & Deck,137814,Brooklyn,76,2,426,2019-06-24,275
8662518,Beautiful Brooklyn Basement Studio,24856634,Brooklyn,89,2,101,2019-06-24,291
8240016,Large Brooklyn Apt Artsy & Centric,36791609,Brooklyn,98,1,201,2019-06-24,293
3678796,beautiful brownstone,18693665,Brooklyn,99,2,216,2019-06-24,321
199312,Sunny Space in Williamsburg,973438,Brooklyn,100,2,273,2019-06-24,254
8993887,NYC.CHAUNCEY1 15.min to Manhattan.,36889012,Brooklyn,42,1,122,2019-06-23,340
2267177,Large Bedroom 15 Min From Manhattan,11576459,Brooklyn,45,2,211,2019-06-23,270
24162681,Bedstuy Cozy Go Green,128217748,Brooklyn,50,1,114,2019-06-23,363
12233692,Modern Room in a Duplex Loft,65598016,Brooklyn,60,2,136,2019-06-23,346
453094,Bedroom with Garden at the Back,137814,Brooklyn,70,2,339,2019-06-23,333
4244242,Best Bedroom in Bedstuy/Bushwick. Ensuite bathroom,22023014,Brooklyn,70,1,110,2019-06-23,323
12225838,Sunny bohemian room heart of williamsburg,62316080,Brooklyn,84,1,181,2019-06-23,282
16807749,Beautiful little bedroom + private living room,30529,Brooklyn,85,1,171,2019-06-23,215
8880999,NicE Room  with Private Bathroom BK:) SUPERHOST :),3441272,Brooklyn,90,1,254,2019-06-23,222
4760085,Roomy/sunny/quiet/fun/great locale,24561040,Brooklyn,95,2,132,2019-06-23,265
2664975,"Cute Studio in Bushwick BK, NYC",12461367,Brooklyn,100,1,104,2019-06-23,334
16798165,Newly renovated and cozy 1-bedroom in Brooklyn,1653951,Brooklyn,100,2,109,2019-06-23,216
16620607,Spacious and Modern 2 Bedroom Apartment,109725962,Brooklyn,11,2,113,2019-06-22,261
6257586,Skylight on Hart,11757212,Brooklyn,49,1,170,2019-06-22,356
19227424,"Private, cozy room near major trains",86327101,Brooklyn,50,1,102,2019-06-22,237
7715342,Beautiful Home Away From Home,11272233,Brooklyn,59,1,199,2019-06-22,288
4170460,#1 Superhost Special Offer in NYC!,21641206,Brooklyn,65,1,357,2019-06-22,321
13514115,Bushwick Artist Loft - Zen Tree House Room,3886532,Brooklyn,65,2,101,2019-06-22,300
4271877,New Private Bathroom Master Bedroom,21091779,Brooklyn,69,1,121,2019-06-22,286
6836485,Lovely and quiet garden studio,14261988,Brooklyn,70,2,150,2019-06-22,222
8456825,Bushwick Oasis,44516268,Brooklyn,70,2,171,2019-06-22,183
7258864,No better location in Williamsburg!,2662538,Brooklyn,84,1,204,2019-06-22,319
12698900,Room in the HEART of Williamsburg,8314626,Brooklyn,89,1,148,2019-06-22,303
13757434,"PRIVATE LARGE STUDIO FOR YOU, PLUS!",46644337,Brooklyn,90,2,113,2019-06-22,262
18601353,Spacious bedroom in Brooklyn - Great for couples!,101258676,Brooklyn,48,1,116,2019-06-21,343
113265,Brooklyn- Crown Heights Garden Apt.,314582,Brooklyn,55,2,247,2019-06-21,275
4120122,Cosy room in Williamsburg,21373495,Brooklyn,65,1,113,2019-06-21,308
13058729,Sunlit Bedroom in Crown Heights.,72318418,Brooklyn,69,2,104,2019-06-21,362
11020841,Sage - Charming 2 Room Studio #7,57186170,Brooklyn,75,2,129,2019-06-21,227
1155885,Fresh and modern 1BR in Bed-Stuy,6334250,Brooklyn,79,2,198,2019-06-21,250
18024956,Lovely Bedroom Suite with Private Entrance,15185649,Brooklyn,82,2,134,2019-06-21,238
8899476,"ENTIRE Floor,PRIVATE Bath&Entrance! SUPERHOST :))",3441272,Brooklyn,85,1,270,2019-06-21,227
7927838,Spacious Sunny Brownstone Room - Great Location!,6444987,Brooklyn,95,2,153,2019-06-21,296
18625919,Cozy Studio Apartment with Spacious Backyard!,129396046,Brooklyn,99,2,145,2019-06-21,356
4532913,Williamsburg private clean cozy RM,20164579,Brooklyn,45,1,170,2019-06-20,245
12037967,Nice Big Room With Backyard.,7913863,Brooklyn,59,2,138,2019-06-20,268
14030375,Vanilla Tea - Cozy Studio Hideaway in Bed Stuy #5,57186170,Brooklyn,68,2,134,2019-06-20,245
8339036,Top Floor 1 Bedroom Apt XpressTrain,11995451,Brooklyn,78,2,114,2019-06-20,217
9996642,Friendly place with garden,50865592,Brooklyn,85,1,133,2019-06-20,230
14373756,ENTIRE FLOR :) PRIVATE entrance&full bathroom! :DD,3441272,Brooklyn,85,1,188,2019-06-20,270
7202612,"Queen Bed, Quiet Room, Prime Williamsburg!",7252535,Brooklyn,90,2,262,2019-06-20,226
20224936,Super Cute Studio in Heart of Greenpoint,35894876,Brooklyn,99,1,114,2019-06-20,255
1492856,small room in bedstuy P,6885157,Brooklyn,55,1,162,2019-06-19,334
1542279,nice room in bedstuy L,6885157,Brooklyn,55,1,126,2019-06-19,343
324115,Large Master Bedroom - Williamsburg,1639120,Brooklyn,75,2,219,2019-06-19,277
6292866,Modern Quiet Gem Near All,32722063,Brooklyn,85,2,182,2019-06-19,318
6786181,R&S Modern Spacious Hideaway,32722063,Brooklyn,100,2,157,2019-06-19,342
14882309,Sid's Victorian Peaceful Haven,92720308,Brooklyn,100,1,134,2019-06-19,307
15846039,Affordable Private Spacious Room in Brooklyn,46382885,Brooklyn,33,2,119,2019-06-18,277
7381038,South Slope Modern + Spacious with Outdoor Deck,16283468,Brooklyn,75,1,113,2019-06-18,233
19054163,Cozy Brooklyn Oasis,133004690,Brooklyn,80,1,107,2019-06-18,240
16417951,Cozy modern sunny room for 2,87690038,Brooklyn,52,2,123,2019-06-17,332
4678568,Spacious private BR 2 Queen beds & 3 mins to train,24195428,Brooklyn,65,1,222,2019-06-17,292
1782667,Bushwick Artist Loft - Cozy Room,3886532,Brooklyn,69,1,142,2019-06-17,329
23327774,Trendy Brooklyn Room - 20mins from Manhattan,129273512,Brooklyn,75,1,133,2019-06-17,336
883306,1  Bedroom in Clinton Hill Share,4310378,Brooklyn,79,2,102,2019-06-17,361
1654929,COZY GARDEN APT IN BKLYN BROWNSTONE,4847926,Brooklyn,95,2,147,2019-06-17,275
12287516,Flat on President - Private Room,66215731,Brooklyn,50,1,113,2019-06-16,352
13750448,Gloriously Sunny Brooklyn Pad!,6816955,Brooklyn,53,2,121,2019-06-16,348
690960,Guestroom w/ 2 beds 20 mins to NYC ,3531317,Brooklyn,60,2,295,2019-06-16,210
1703834,Your Own Private Room To Sleep In! BEAUTIFUL!,8136206,Brooklyn,64,2,108,2019-06-16,296
7937398,Serene Brownstone Living Close To It All!,6444987,Brooklyn,72,2,151,2019-06-16,288
13186395,Relaxing bushwick  brownstone,73737053,Brooklyn,75,1,117,2019-06-16,363
13808,Blue Room for 2 in Brownstone for $1350 monthly,54275,Brooklyn,80,1,112,2019-06-16,251
449660,Art & Music Salon,2233165,Brooklyn,80,2,118,2019-06-16,353
4240861,Small Private Studio!,22005943,Brooklyn,80,2,129,2019-06-16,346
6336834,SPACIOUS WILLIAMSBURG DESTINATION,32991339,Brooklyn,84,2,190,2019-06-16,254
2487851,Quintessential W'burg Private Room,12358955,Brooklyn,90,2,142,2019-06-16,306
4354764,A private humble abode for you,16572955,Brooklyn,90,2,112,2019-06-16,349
13474455,Blueberries & Cream - Cozy 1 Bedroom Apt. #2,57186170,Brooklyn,99,2,100,2019-06-16,308
4408381,Apartment Crown Heights Brooklyn NY,263500,Brooklyn,100,1,102,2019-06-16,243
7615496,88 By The Park w/Parking Space,37676608,Brooklyn,100,2,187,2019-06-16,300
6603534,Private Small Grey Room,9922972,Brooklyn,30,1,107,2019-06-15,345
11009529,Very Large room at Brooklyn&Breakfast,344035,Brooklyn,65,1,245,2019-06-15,339
6540907,Sunny Bedroom near major stations,31298029,Brooklyn,80,2,124,2019-06-15,251
1275942,nice room in bedstuy H,6885157,Brooklyn,55,1,127,2019-06-14,318
1906804,Private Master Bedroom w/Garden 14 min to Union Sq,9820942,Brooklyn,55,1,227,2019-06-14,341
13766130,Sunny room in Williamsburg with view of Manhattan,29600525,Brooklyn,85,2,122,2019-06-14,258
2888088,Private space in Brooklyn,14759766,Brooklyn,87,2,132,2019-06-14,233
1291490,nice room in bedstuy M,6885157,Brooklyn,60,1,142,2019-06-13,321
13589669,East Brooklyn Garden Apartment,78485066,Brooklyn,85,1,106,2019-06-13,337
682122,"Warm, Comfortable, Inviting Home",3475005,Brooklyn,89,2,219,2019-06-12,319
13417410,Zions Destiny Home away from Home !,76453466,Brooklyn,45,1,112,2019-06-10,244
502309,"Sunny Rm #1, Air Conditioner, Park,Express Q train",2478675,Brooklyn,46,1,184,2019-06-10,362
3404668,"Comfy room, minutes from metro for up to 3 people!",17170345,Brooklyn,47,2,118,2019-06-10,310
83243,Brooklyn Cove Studio Apt w/ Garden!!,453519,Brooklyn,65,2,228,2019-06-10,194
13183816,Charming Bushwick Brownstone.,73737053,Brooklyn,70,1,111,2019-06-10,364
2487848,Quintessential W'burg Apartment,12358955,Brooklyn,95,2,156,2019-06-10,274
187566,Historic Brooklyn Studio Apartment,279078,Brooklyn,99,2,187,2019-06-10,287
8061409,Private Bedroom in Quiet Brooklyn Neighborhood,1100659,Brooklyn,49,1,107,2019-06-09,340
9434513,2000sq $2 million 3 story townhouse,48899736,Brooklyn,99,1,140,2019-06-09,363
7827908,Private Entrance/ Private Bathroom,41201538,Brooklyn,63,2,104,2019-06-08,230
449034,Spacious Loft 5 min to Union Square,124357,Brooklyn,90,1,155,2019-06-07,328
3617498,"Comfy, convenient bedroom in Bklyn!",6643482,Brooklyn,80,2,122,2019-06-06,227
54508,Sml Rm in pr Brst  Park Sl great for Med/students,210746,Brooklyn,100,2,226,2019-06-06,250
729306,"Clean & Quiet BR in Sunset Park, BK",3787686,Brooklyn,70,1,139,2019-06-04,364
10316551,Brooklyn Queen Bed,33213436,Brooklyn,99,1,176,2019-06-04,365
9576278,NEW CLEAN COMFORTABLE PRIVATE ROOM,21091779,Brooklyn,49,1,113,2019-06-03,288
3674757,Cozy Vintage Artist Flat(Williamsburg/Bushwick),2702080,Brooklyn,77,2,145,2019-06-02,365
571564,large spacious room,1141935,Brooklyn,95,1,123,2019-06-02,359
786053,"Sunny Rm #2, Air Conditioner, Park,Express Q train",2478675,Brooklyn,45,1,168,2019-06-01,359
13769545,Comfy bed in Cozy Home - GRAND ARMY PLAZA,80777352,Brooklyn,48,2,131,2019-06-01,333
1316480,nice room in bedstuy K,6885157,Brooklyn,45,1,117,2019-05-30,236
11575073,Warm and Cozy Room in Hip Iconic Brooklyn!!!,60346942,Brooklyn,50,1,192,2019-05-30,189
11657888,Super Comfy Convenient Room in Hip Brooklyn!!!!!,60346942,Brooklyn,62,1,244,2019-05-29,189
3685704,Private Apt. in Brooklyn Brownstone + Garden,2640773,Brooklyn,95,2,116,2019-05-29,226
11470210,"Delightful, Cozy and Convenient Room in Brooklyn!!",60346942,Brooklyn,50,1,210,2019-05-28,189
13407615,Lovely Apt. in Heart of Brooklyn,20754497,Brooklyn,65,1,101,2019-05-28,309
8426584,Sunny large apt facing huge park. 20min2Manhattan,5354888,Brooklyn,80,1,169,2019-05-27,233
2045727,Cozy Room in Family Home..BKLYN!!!,320284,Brooklyn,52,2,203,2019-05-26,323
112435,ALL ABOUT A VERY COMFORTABLE ROOM..,181376,Brooklyn,95,2,163,2019-05-24,331
1330056,Spacious Loft 5 min to Union Square,124357,Brooklyn,90,1,115,2019-05-21,359
1899076,"14 min to Union Square, Manhattan-Sunny Modern Rm",9820942,Brooklyn,59,1,238,2019-05-12,320
2030736,Room B,10384906,Brooklyn,32,1,111,2019-04-20,208
7036290,NYC Chauncey 2 .20 min to manhattan,36889012,Brooklyn,50,1,123,2019-03-17,349
2071446,Inspiring spacious loft space,3608781,Brooklyn,94,2,129,2019-02-23,188
1919766,Full of Harlem Soul & Charm,9501531,Manhattan,60,1,245,2019-07-07,336
2774934,Females only for midtown apt share,1866728,Manhattan,70,1,225,2019-07-07,262
5690007,New York City Private Room near Metro,22020703,Manhattan,75,1,155,2019-07-07,314
12749156,Your Hudson Heights Hideaway ◔‿◔,69189948,Manhattan,75,2,167,2019-07-07,310
773993,Upper East Side Oasis!,4083654,Manhattan,85,2,138,2019-07-07,196
7858468,The Artist's Experience,8552927,Manhattan,99,1,309,2019-07-07,254
32678719,Enjoy great views of the City in our Deluxe Room!,244361589,Manhattan,100,1,156,2019-07-07,299
2631224,Tasteful Room in Charming Two Bedroom Apartment,6243156,Manhattan,70,2,228,2019-07-06,247
15860051,Cozy private room with King sizebed,99937669,Manhattan,70,1,209,2019-07-06,203
19051760,Bonito dormitorio 20-25 minutos Times Square.,132983866,Manhattan,75,1,100,2019-07-06,280
12048,LowerEastSide apt share shortterm 1,7549,Manhattan,40,1,214,2019-07-05,188
10088612,"Full size bed, 2 guests, Manhattan Upper Westside",216227,Manhattan,60,1,229,2019-07-05,310
3715638,Sunny Private Room at Central Park!,9784206,Manhattan,72,1,204,2019-07-05,219
7093920,Roosevelt Island Charm,37181980,Manhattan,83,2,178,2019-07-05,255
6021,Wonderful Guest Bedroom in Manhattan for SINGLES,11528,Manhattan,85,2,113,2019-07-05,333
476983,"PRIVATE Room in Spacious, Quiet Apt",277379,Manhattan,85,1,439,2019-07-05,238
163814,☆ STUDIO East Village ☆ Own bath! ☆ Sleeps 4 ☆,627217,Manhattan,99,2,280,2019-07-05,257
15344749,Comfy Apt in Chinatown/Lower East Side,30702769,Manhattan,100,1,154,2019-07-05,233
80493,Cozy room in East Village with AC,434987,Manhattan,71,2,182,2019-07-04,200
657217,Prime location near Central Park !!,3312204,Manhattan,79,1,347,2019-07-04,247
58059,PRIVATE Room on Historic Sugar Hill,277379,Manhattan,60,1,458,2019-07-03,258
6249050,300 Square Foot Private Room - in MANHATTAN!!,18418581,Manhattan,67,1,297,2019-07-03,271
7824945,Small Room on the Upper West Side,37138145,Manhattan,75,1,205,2019-07-03,197
3247291,Comfort and Charm in Harlem Brownstone near Subway,16425715,Manhattan,80,1,134,2019-07-03,227
229367,COMFY ROOM/COFFEE AND BAGEL/WEEKLY DISCOUNT,1097545,Manhattan,89,1,278,2019-07-03,192
4787527,"Home Sweet Home!
Spring fling!",9767363,Manhattan,59,2,151,2019-07-02,308
16657247,1A. Private Rm in guesthouse Manhattan,7831209,Manhattan,64,1,103,2019-07-02,364
12855923,New York Space,33906660,Manhattan,65,1,154,2019-07-02,361
14983453,127 St & Convent Av NYC ABCD RM 3,57049951,Manhattan,69,2,100,2019-07-02,345
13879965,Private Micro Room 2,59529529,Manhattan,70,1,218,2019-07-02,184
785508,Experience New York - A Locals Way,873273,Manhattan,85,2,211,2019-07-02,339
18476474,Bright XL room in Hamilton Heights/Sugar Hill,98861076,Manhattan,90,2,136,2019-07-02,204
12955454,Cozy Room in the Big Apple,33622924,Manhattan,50,1,116,2019-07-01,352
1074155,"Big 1st Meal, Kind Host, Ace Space",5909206,Manhattan,58,1,323,2019-07-01,284
333323,Cozy bedroom near Times Square,1698391,Manhattan,75,2,118,2019-07-01,312
3771656,Amazing Upper East Side Location,19331457,Manhattan,95,1,389,2019-07-01,254
15425744,"Charming ,cozy private bedroom",96892684,Manhattan,65,1,113,2019-06-30,266
11281365,Private Room in Uptown Manhattan,24258262,Manhattan,70,2,118,2019-06-30,283
13760302,Private Micro Room 3,59529529,Manhattan,70,1,220,2019-06-30,180
6795657,Beautiful newly renovated apartment,33622924,Manhattan,75,1,134,2019-06-30,354
1497024,New York City Historical Brownstone Ground Floor,8000315,Manhattan,100,2,271,2019-06-30,270
732624,1 Pvt. Room in Upper West Manhattan,3813161,Manhattan,65,1,327,2019-06-29,287
4431247,1st Time/Solo/Duo Travelers!Charming Studio Share!,22382732,Manhattan,70,2,126,2019-06-29,309
5789606,Cozy BedRoom in a great location.,30037999,Manhattan,70,2,200,2019-06-29,202
17763622,JUNIOR SUITE IN MANHATTAN,114477998,Manhattan,90,2,110,2019-06-29,237
17078612,COZI AND GLAM IN MANHATTAN,114477998,Manhattan,65,1,186,2019-06-28,199
5641857,New York City Historical Brownstone First Floor.,8000315,Manhattan,100,2,243,2019-06-28,250
629949,1 BR - Garden - Broadway?,3130534,Manhattan,80,1,160,2019-06-27,319
9752005,A Quiet Room in the West Village,4173415,Manhattan,90,1,103,2019-06-27,239
10298783,Comfortable cozy room,52981364,Manhattan,65,2,167,2019-06-25,209
19542512,Bohemian Room in NYC at Great Location,137264725,Manhattan,70,1,117,2019-06-25,249
4226098,W. 80's Central Park 3 Blocks Walk,21930989,Manhattan,88,1,319,2019-06-25,251
1430650,"Columbus Circle Comfort, minutes from Times Square",7691518,Manhattan,99,1,123,2019-06-25,245
819206,Cute shared studio apartment,4306950,Manhattan,45,2,107,2019-06-24,313
1001447,Comfy twin bed/Cosy apartment/East Harlem / Subway,214794,Manhattan,56,2,117,2019-06-24,303
16368328,Cozy Harlem Jewel,107158006,Manhattan,60,2,119,2019-06-24,198
5178,Large Furnished Room Near B'way ,8967,Manhattan,79,2,430,2019-06-24,220
3496384,Interfaith Retreat Guest Rooms (Om),16677326,Manhattan,85,1,145,2019-06-24,342
10482237,Interfaith Retreat Guest Rooms (Ganges),16677326,Manhattan,85,1,165,2019-06-24,338
4423650,Private Room - Central Park View,7183243,Manhattan,97,2,114,2019-06-24,363
903947,Beautiful Bedroom in Manhattan,4734398,Manhattan,49,1,597,2019-06-23,342
10088636,"2 Twin beds, 2 guests - Manhattan, Upper West Side",216227,Manhattan,60,1,219,2019-06-23,280
8525172,Shared Studio (NO PRIVACY) On The Upper East Side,44887928,Manhattan,62,1,104,2019-06-23,333
24539281,"43rd Street “TIME SQUARE”
Single bed.",30985759,Manhattan,65,1,108,2019-06-23,325
12854724,Great Modern Studio in Chelsea!,49622928,Manhattan,75,1,132,2019-06-23,317
11046443,MANHATTAN Studio 10 SECONDS Walk to Subway,17171841,Manhattan,79,1,149,2019-06-23,290
17368006,Cabins at Chelsea (NYC),117365574,Manhattan,82,1,147,2019-06-23,292
12171671,Interfaith Retreat Guest Rooms (Govinda),16677326,Manhattan,85,1,210,2019-06-23,321
16393395,Interfaith Retreats (Devotion),16677326,Manhattan,85,1,113,2019-06-23,360
7860155,Private bedroom in the heart of NYC,24559181,Manhattan,89,1,148,2019-06-23,351
2197401,Bedroom with Private Bathroom,11208418,Manhattan,90,1,271,2019-06-23,281
66275,Lower East Side Magic Room,314941,Manhattan,95,1,109,2019-06-23,364
2407196,"Harlem 1 BR, Private Master Bath",5905011,Manhattan,98,2,182,2019-06-23,312
115678,Your Stunning Vacation Apartment!,127772,Manhattan,99,1,320,2019-06-23,220
501693,Room w/pvt bathroom on Central Park,1490833,Manhattan,99,1,280,2019-06-23,246
4958223,Beautiful Central Park View,25517905,Manhattan,99,1,277,2019-06-23,294
25696,"1,800 sq foot in luxury building",107628,Manhattan,100,2,170,2019-06-23,346
1572815,Private room - Heart of East Village,4106680,Manhattan,100,1,212,2019-06-23,278
2653644,Private 1BR W/ Private Bathroom in Chinatown,6991947,Manhattan,100,1,103,2019-06-23,223
12854734,LIVE HERE!! COZY STUDIO IN CHELSEA!,70244331,Manhattan,100,1,198,2019-06-23,269
5192219,Metro Retreat  - - Harlem,26856159,Manhattan,58,1,194,2019-06-22,307
3757461,"Manhattan Sun Drenched 
Near Gramercy",17465563,Manhattan,69,2,177,2019-06-22,285
728498,WEST HARLEM  PRIVATE BEDROOM,3779334,Manhattan,80,1,135,2019-06-22,365
21475999,"Single Cabins (Chelsea, Manhattan, NYC)",117365574,Manhattan,85,1,113,2019-06-22,292
16912472,Private East Village Bedroom &Roof Deck(manhattan),51850937,Manhattan,90,1,200,2019-06-22,272
945297,East Village Gay Friendly Dbl Room,5074654,Manhattan,100,1,414,2019-06-22,231
903972,Great Bedroom in Manhattan,4734398,Manhattan,49,1,607,2019-06-21,293
19555750,Travel Themed Room at Great Location,137264725,Manhattan,60,1,101,2019-06-21,257
18075511,Inspiring & Motivational ⭐️,43352661,Manhattan,80,1,129,2019-06-21,365
16821,Large Room in Amazing East Village Apt,4396,Manhattan,99,1,106,2019-06-21,336
957002,Cozy PRIVATE Studio Apartment UWS and Jazz Tour.,5202854,Manhattan,100,1,129,2019-06-21,281
7064935,Private Room in Gorgeous  Apartment In Manhattan,33622924,Manhattan,70,1,141,2019-06-20,348
830949,DESIGNER LOFT W PRIVATE ROOFTOP & PANORAMIC VIEWS,4352069,Manhattan,79,1,137,2019-06-20,298
60680,The gem of the East Village,292630,Manhattan,99,2,127,2019-06-20,320
7160363,LOVE Central Park Room Private Bath,25517905,Manhattan,99,1,222,2019-06-20,251
2119216,"Affordable, Private, Simple & Clean NYC Flat!",10806025,Manhattan,80,1,353,2019-06-19,258
6712530,⭐️Harlem getaway w/ great amenities,10771238,Manhattan,80,2,185,2019-06-19,203
2473611,Overlooking Harlem,12649246,Manhattan,92,2,173,2019-06-19,276
5406041,Mod 3 BR duplex-East Village,27974744,Manhattan,100,2,156,2019-06-19,197
8254405,Classic Harlem --- Economy Room,26856159,Manhattan,42,1,161,2019-06-17,259
100002,"MANHATTAN Neat, Nice, Bright ROOM",523218,Manhattan,67,2,136,2019-06-17,296
17147561,Best Location + Private Roof Deck,51850937,Manhattan,85,1,209,2019-06-17,252
2977232,"Priv Room in Artists UES Apt, Central Park & Train",15185319,Manhattan,95,1,270,2019-06-17,288
18410445,Large Room and Apartment in Upper Manhattan,63408461,Manhattan,100,2,102,2019-06-17,213
26362,"Times Square, Safe, Clean and Cozy!",59734,Manhattan,59,2,334,2019-06-16,279
573612,"Sunny Private Bedroom by Express Train, Colleges!",2270624,Manhattan,79,1,132,2019-06-16,335
10482409,Interfaith Retreat Guest Rooms (Faith),16677326,Manhattan,85,1,146,2019-06-16,352
3979628,BR/Private Bath 10Mins to TIME SQ,2766755,Manhattan,88,2,171,2019-06-16,234
891117,Private Bedroom in Manhattan,4734398,Manhattan,49,1,594,2019-06-15,339
1777007,Space For guest,3980927,Manhattan,55,1,205,2019-06-15,326
16506579,Interfaith Retreats (Kirtan),16677326,Manhattan,85,1,108,2019-06-15,356
6800576,1 BEDROOM IN 3 BEDROOMS APARTMENT,7858210,Manhattan,65,2,105,2019-06-14,180
12113015,5th ave & Broadway nr Times Square,26802681,Manhattan,99,1,172,2019-06-14,213
7843604,"Big, cozy & chic! 1BR Apt in Harlem",41329387,Manhattan,100,2,193,2019-06-14,213
5192165,Classic Harlem Brownstone - Manhattan,26856159,Manhattan,63,1,209,2019-06-13,274
3678990,Sunny Warm Quiet NYC Retreat,7474069,Manhattan,70,2,277,2019-06-13,244
5519207,Chez Jesse Vacation Spot - Garden,3191371,Manhattan,80,1,134,2019-06-13,211
195123,"Cheerful, comfortable room",940724,Manhattan,50,1,225,2019-06-12,343
6412693,Cozy Room in Washington Heights Apt,11555845,Manhattan,58,1,148,2019-06-12,280
197753,Large room in elevator drman bldg,964482,Manhattan,68,2,295,2019-06-12,188
60666,City Room - Private Luxury Suite,256161,Manhattan,92,1,189,2019-06-11,253
2274268,Private Rm - Times Sq/Hell'sKitchen,11611239,Manhattan,90,1,170,2019-06-10,255
15220,Best Location in NYC! TIMES SQUARE!,59734,Manhattan,69,2,289,2019-06-09,294
2686002,Large Clean Room Midtown East NYC,13749425,Manhattan,100,2,198,2019-06-09,305
17465159,Private Room 1 in East Village (Small Window),12302104,Manhattan,72,1,134,2019-06-07,251
56859,City Room - Private & Comfy Bedroom,256161,Manhattan,64,1,192,2019-06-03,245
17545558,Private Room 2 in East Village (Large Window),12302104,Manhattan,73,1,116,2019-06-02,238
4846449,Perfect room/Great Safe Location 20mins to TimesSq,6486116,Manhattan,81,1,142,2019-06-01,223
6428482,2C  Private Rm in Guesthouse Manhattan,7831209,Manhattan,50,1,103,2019-05-31,365
14968436,Gorgeous room in Historic Harlem street,16686968,Manhattan,55,2,114,2019-05-27,270
3463385,Gorgeous room in Manhattan,10698270,Manhattan,95,1,202,2019-05-27,263
11044453,Convent Ave & 127st Col Univ  RM 2,57049951,Manhattan,69,2,128,2019-05-26,365
2214831,LAVISH 2 BR APT by Central Park!!!,11297009,Manhattan,99,1,153,2019-05-26,327
2969803,King Bed or Two Singles - You're choice!,7691518,Manhattan,68,1,152,2019-05-23,237
10482554,Interfaith Retreat Guest Rooms (Mary),16677326,Manhattan,85,1,162,2019-05-22,344
4016069,1C.  Private  Rm in Guesthouse Manhattan,7831209,Manhattan,55,1,163,2019-05-14,359
4058949,3C. Private Rm in Guesthouse Manhattan,7831209,Manhattan,45,1,151,2019-05-09,357
1461721,3B. Private  Rm in Guesthouse Manhattan,7831209,Manhattan,55,1,167,2019-05-07,363
564751,Artist space for creative nomads.,2777672,Manhattan,76,2,158,2019-05-05,324
1892319,Private BR in Chelsea (women or couples only),3416555,Manhattan,84,2,143,2019-05-04,311
424667,Luxury room + En-suite bath in Times Sq/Midtown W,2111060,Manhattan,99,1,134,2019-04-02,265
8693545,Great affordable room.,42421006,Manhattan,99,1,129,2019-01-24,299
230956,Wonderfully inviting East Village,1207399,Manhattan,90,1,109,2015-10-02,333
21451138,B) Comfy Full Bed Wifi near JFK Airport Subway,154128335,Queens,40,1,119,2019-07-08,229
18173787,Cute Tiny Room Family Home by LGA NO CLEANING FEE,26432133,Queens,48,1,436,2019-07-08,337
21609424,"Cozy private room Astoria 10min to LGA, Manhattan",153836844,Queens,40,1,134,2019-07-07,343
18120592,Clean room  PRIVATE full bath & private entrance,124860677,Queens,47,2,130,2019-07-07,342
17222454,Sun Room Family Home LGA Airport NO CLEANING FEE,26432133,Queens,48,1,417,2019-07-07,338
17707963,"5mins from JFK, one cozy bedroom for one",119592255,Queens,50,1,173,2019-07-07,365
8635762,"Studio Close To LIJ, JFK.Private Entry,欢迎中国朋友来住",45404928,Queens,59,1,113,2019-07-07,346
10230429,Great room,52539349,Queens,60,1,212,2019-07-07,297
16233577,Peaches Paradise.,101499766,Queens,60,1,305,2019-07-07,341
21565383,"Private bedroom 10 min to LGA, 15 min to Manhattan",153410151,Queens,69,1,129,2019-07-07,349
24348078,Large and bright room 15 min away from Manhattan,176427055,Queens,74,1,102,2019-07-07,348
519310,YOU ROOM IN NYC,1366310,Queens,75,2,251,2019-07-07,317
270231,Cozy New York  City private room,1366310,Queens,85,2,270,2019-07-07,306
17266124,"Shay's Place #1
( 1 Bdrm. Apt )
5 mins From JFK",116404073,Queens,95,1,240,2019-07-07,253
4225569,Lovely Astoria Studio-close to NYC!,21929547,Queens,96,1,196,2019-07-07,316
21366188,Studio apartment near JFK airport /Free parking,154705359,Queens,96,1,259,2019-07-07,307
16276632,Cozy Room Family Home LGA Airport NO CLEANING FEE,26432133,Queens,48,1,510,2019-07-06,341
5940268,The Big Room in Flushing,30839692,Queens,50,1,154,2019-07-06,243
21646774,"STEPS TO LGA, Near CITIFIELD, JFK MANHATTAN(RM #4)",156948703,Queens,55,1,208,2019-07-06,352
21593310,"STEPS TO LGA, near CITIFIELD, JFK MANHATTAN(RM #2)",156948703,Queens,60,1,257,2019-07-06,351
17609502,"5 minutes from JFK,one single cozy bedroom for one",119592255,Queens,45,1,336,2019-07-05,345
9145202,Room near JFK Queen Bed,47621202,Queens,47,1,629,2019-07-05,333
2093455,Nice bedroom,6471461,Queens,60,1,275,2019-07-05,329
14281526,Queens Village Vacation Getaway,86209218,Queens,65,1,152,2019-07-05,335
12173205,Private Room in Gorgeous Loft!  (no cleaning fee),59928816,Queens,80,2,177,2019-07-05,245
886833,"Private Suite, Free Metrocard*",4701443,Queens,81,1,313,2019-07-05,263
22637100,"Private room in Queens, Ny # 1",158540605,Queens,25,1,101,2019-07-04,216
26747415,Near LGA and JFK Airports Large Cozy Room,194377255,Queens,40,1,104,2019-07-04,351
6717053,Lovely Studio in Flushing/kew Garde,34992043,Queens,68,1,222,2019-07-04,330
10283574,Apt next to Astoria park,35518413,Queens,100,1,206,2019-07-04,304
13394748,Cozy Spacious Double Bed #2A Near JFK & J Train,62843071,Queens,45,1,141,2019-07-03,287
21730735,"Steps to LGA, near CitiField, JFK,Manhattan (RM#1)",156948703,Queens,52,1,207,2019-07-03,325
5115372,Comfy Room Family Home LGA Airport NO CLEANING FEE,26432133,Queens,54,1,430,2019-07-03,347
15041647,Private Bedroom in NYC w/ SUPERHOST.,69117812,Queens,60,1,105,2019-07-03,347
978386,"A GEM Garden Apt on Broadway & 42ST QUEENS, NY",5354308,Queens,85,2,260,2019-07-03,254
10185955,Blue Magic,14785032,Queens,48,1,165,2019-07-02,365
1186569,beautiful spacious room,6471461,Queens,55,1,224,2019-07-02,356
9674142,1 bed in Chic Apt in Astoria NYC,49620552,Queens,59,1,156,2019-07-02,208
17682843,"Astoria close to JFK,Laguardia airport, Manhattan",117195769,Queens,80,1,161,2019-07-02,365
3760029,Charming studio for rent in Astoria,19250606,Queens,100,2,141,2019-07-02,216
15717865,Beautiful private room in Queens NY,74782658,Queens,40,1,117,2019-07-01,300
15043788,Private Room in Sunnyside 3,84607966,Queens,45,1,134,2019-07-01,308
15043534,Private room in Sunnyside 2 46th St,84607966,Queens,55,1,168,2019-07-01,322
17751140,Room in Queens NY  near LGA,119987770,Queens,55,1,296,2019-07-01,322
13042752,Cozy Spacious Double Bed #1 Near JFK and J Train,62843071,Queens,45,1,235,2019-06-30,278
17796480,PRIVATE ROOM near JFK & La Guardia,100812175,Queens,51,1,108,2019-06-30,306
21422721,Large private room 7 min to LGA 15min to Manhattan,153524812,Queens,65,1,114,2019-06-30,319
4853647,Modern & luxurious close to trains,6162041,Queens,99,2,129,2019-06-30,344
14341397,One bedroom apartment,87835557,Queens,99,2,154,2019-06-30,283
17665943,"Room in Queens, NY, near LGA.",119987770,Queens,55,1,239,2019-06-29,361
689329,Cozy 15 mins Manhattan& 10 Mins LGA,2446219,Queens,62,1,296,2019-06-29,234
26361403,HIDDEN GEM near JFK w. PRIVATE ENTRANCE x PARKING.,174197082,Queens,80,1,106,2019-06-29,300
20306746,The Grace palace,133810925,Queens,62,1,129,2019-06-28,354
6576336,Large Private Studio Newly Renevated,34397256,Queens,70,2,114,2019-06-28,310
16619241,"Cozy Studio Apartment in Queens, NY",25355233,Queens,89,1,220,2019-06-28,319
11437634,Modern 1-bdrm apt near Manhattan and Central Park,25194025,Queens,90,2,101,2019-06-28,266
13952319,Cosy Studio with a backyard in Forest Hills,7212175,Queens,99,1,143,2019-06-28,282
1222563,"Renovated, Residential Space",3475005,Queens,84,2,172,2019-06-27,345
2136293,Studio Apartment Near Express Subway to Manhattan,6599585,Queens,65,2,162,2019-06-26,302
5748301,"Sleeping in NYC, like home.",29817997,Queens,70,2,175,2019-06-26,349
1025001,Private Entrance Charming Bedroom,5641042,Queens,75,2,132,2019-06-25,333
13077370,Modern Private Studio -20 min to Manhattan,69427329,Queens,89,1,146,2019-06-25,252
269889,One stop from Midtown Manhattan!,1413098,Queens,96,2,244,2019-06-25,270
7276534,LaGuardia Room with Private Entrance(1),31851704,Queens,50,1,211,2019-06-24,339
7787983,**Caribbean Blush-8 mins to JFK**,36205028,Queens,52,1,179,2019-06-24,350
5395679,Large Private Room in Spacious Apt,27969560,Queens,65,2,132,2019-06-24,261
3677769,Beautiful Large Sunny Bedroom,18681479,Queens,75,2,111,2019-06-24,348
4887250,VICTORIAN SUNFILLED APT DREAM VIEW,1705071,Queens,95,1,141,2019-06-24,331
14839830,Modern Spacious Private One bedroom Free Parking.,48630747,Queens,100,1,197,2019-06-24,342
6776698,JFK SPACIOUS ROOM / A  4  BLOCKS TO SUBWAY,9284163,Queens,39,2,262,2019-06-23,346
20151455,CHARMING ROOM,139357580,Queens,40,2,101,2019-06-23,279
8953625,"PRIVATE, CLEAN, ROOM CLOSE TO MANH",45416627,Queens,48,1,150,2019-06-23,323
18264166,10 mins/Airports JFK/LGA/Hosp/malls bus/train# 1,126247863,Queens,50,1,102,2019-06-23,354
1578776,Nice private room in Astoria,4645357,Queens,51,1,165,2019-06-23,361
17717799,Neat En-suite  room attached   PRIVATE full bath,120767920,Queens,51,2,129,2019-06-23,355
19915204,BRIGHT LUXURIOUS MASTER BEDROOM,139357580,Queens,59,1,100,2019-06-23,342
4550041,Bright! LARGE 2 BEDS near Manhattan,23591164,Queens,65,1,356,2019-06-23,341
7563493,"Small Studio Private Suite by the Park近公園新小套房,鬧中取靜",39648442,Queens,65,1,158,2019-06-23,355
1077375,Private RM 15min from the Manhattan,5855145,Queens,70,1,136,2019-06-23,359
8115423,Private Room close to subway (2/3),40874834,Queens,75,1,102,2019-06-23,362
17611001,Gorgeous bedroom 8mins-JFK&the mall,55125246,Queens,80,1,129,2019-06-23,180
17781440,Elegant bedroom 8 mins-JFK&the mall,55125246,Queens,80,1,177,2019-06-23,180
21822619,THE HUGH SUITES 3mins to JFK,1280731,Queens,80,1,214,2019-06-23,307
13883393,One Bedroom Apartment- Only 15 min to Time Square!,82179512,Queens,87,1,162,2019-06-23,332
20968166,Shay's Place #2 ( Studio Apt. ) 5 mins from JFK,116404073,Queens,90,1,146,2019-06-23,281
10945632,All to yourself home away from home,56758927,Queens,97,2,252,2019-06-23,290
21913811,"Cooled Queens Apartment, NY. LGA Airport 5 min.",147095935,Queens,99,1,118,2019-06-23,320
20194665,"20min To Times Square, 10min LGA",139867352,Queens,39,1,178,2019-06-22,327
24846816,"Cozy Near LGA, Center of Queens RM2",187822288,Queens,49,1,128,2019-06-22,278
20194913,Sweet room with private bathroom.,76359133,Queens,60,1,100,2019-06-22,311
6157276,Bright LARGE BED near Manhattan,23591164,Queens,65,1,466,2019-06-22,331
8993871,"Sunny bedroom with balcony, Queens",46979077,Queens,65,1,123,2019-06-22,333
13167453,Crash Pad Close to LGA/JFK/Manhattan,21216008,Queens,35,1,120,2019-06-21,340
3835757,...New lower rates for low season!!,3339701,Queens,50,1,207,2019-06-21,311
6908837,**Caribbean Blue- 8 mins to JFK **,36205028,Queens,53,1,189,2019-06-21,348
8953200,CLASSIC BEDROOM CLOSE TO MANHATTAN,45416627,Queens,55,1,143,2019-06-21,276
21581545,"STEPS TO LGA, Near CITIFIELD, JFK MANHATTAN(RM 3)",156948703,Queens,65,1,191,2019-06-21,336
3835681,"Great location, new lower rates!!!",3339701,Queens,50,1,164,2019-06-20,308
3626302,Beautiful Clean & Quiet Room! Rm#2,11674837,Queens,59,1,173,2019-06-19,352
13388649,Spacious Private Home - 20m to Manhattan,1544804,Queens,99,1,185,2019-06-19,211
467634,yahmanscrashpads,2321321,Queens,39,1,454,2019-06-18,353
15527416,A sunny healthy big bedroom,99804239,Queens,51,2,100,2019-06-18,296
11651505,"与众不同,方便停车｡值得一试!",61804662,Queens,55,1,126,2019-06-18,180
4430808,Studio-Private Entrance /Bath/Kitchen Near JFK,23002099,Queens,64,2,192,2019-06-17,234
4550557,Bright LARGE 2 BEDS! near Manhattan,23591164,Queens,65,1,426,2019-06-17,312
473592,AMAZING Private 1stop away from NYC 1 block Subway,2347382,Queens,70,1,144,2019-06-17,340
8115321,Private Room close to subway (1/3),40874834,Queens,75,1,114,2019-06-17,328
11228611,COZY CLEAN ROOM 7 MIN FROM JFK,20134231,Queens,40,2,375,2019-06-16,336
8952816,CHARMING  ROOM CLOSE TO MANHATTAN,45416627,Queens,45,1,137,2019-06-16,283
1466081,JFK Jupiter Suites w/ Parking,7853251,Queens,59,1,190,2019-06-16,359
3311830,Beautiful Clean & Quiet Room! Rm#1,11674837,Queens,59,1,142,2019-06-16,359
2896760,"Safe, cozy & minutes to NYC",3339701,Queens,60,1,135,2019-06-16,309
4241028,Private Studio Apartment ,22006854,Queens,89,1,352,2019-06-16,359
978615,NICE ROOM IN ASTORIA NEAR MANHATTAN,5369117,Queens,81,2,183,2019-06-15,326
886808,"Free Metrocard*, Safe & Affordable",4701443,Queens,55,1,116,2019-06-14,298
495249,10min Walk & 15mins to Tourist Spot,2446219,Queens,85,1,219,2019-06-14,305
17686461,A1Long Island City Big Room Great Location,79105834,Queens,58,1,104,2019-06-11,300
1042806,My Other Little Guestroom,2680820,Queens,59,1,281,2019-06-11,322
7037918,"Near LGA, Citifield, US Open Tennis",36242220,Queens,60,1,209,2019-06-11,364
6044964,Beach Lovers Dream!,31204745,Queens,89,2,150,2019-06-11,268
16644599,Beige Room in Rego Park,48866061,Queens,35,1,131,2019-06-06,294
13156842,Cozy Private Room #2 Two Beds Near JFK and J Train,62843071,Queens,38,1,170,2019-06-06,192
13914735,Beautiful bedroom / in Beach home,82562435,Queens,37,1,114,2019-06-04,305
5806817,"Sleeping in NYC, like home (1).",29817997,Queens,65,1,120,2019-06-01,355
783964,GREAT ROOM Fast 2 TIMES SQ 9min NYC,2347382,Queens,70,1,148,2019-06-01,303
5482918,Pleasant-Place JFK Private Housings Complex,26602392,Queens,73,1,148,2019-05-30,347
1914590,Nice clean large Bedroom in Astoria,6194487,Queens,79,1,108,2019-05-30,313
15043817,Private room in Sunnyside 1,84607966,Queens,50,1,143,2019-05-29,323
546383,My Little Guest Room in Flushing,2680820,Queens,55,1,474,2019-05-25,332
15049253,Queens Comfy Private Room (JFK-8mins) with porch,74331597,Queens,70,2,125,2019-05-21,365
1682958,Beautiful Cozy Room Great Price!,6194487,Queens,79,1,274,2019-04-25,308
13726629,CLEAN COMFORTABLE ROOM 7 MIN FR JFK,20134231,Queens,40,2,187,2019-03-08,352
5287733,Cozy Room,27379417,Queens,85,1,243,2018-04-30,281
3465651,"“No Place Like Home”
1st Floor Suburban Apt.",4060346,Staten Island,56,1,145,2019-07-05,258
8343222,"New Apartment, Close to Ferry",43977828,Staten Island,80,2,147,2019-07-05,324
63320,D Private Che@p Room 2 Explore NYC,303939,Staten Island,36,2,333,2019-07-02,340
62787,C Private Room By The Ferry,303939,Staten Island,37,2,177,2019-07-02,320
9695052,Owl's Landing - The Twins,50068597,Staten Island,48,2,112,2019-07-02,316
8664611,Affordable Luxury Minutes to Manhattan,45519775,Staten Island,75,2,131,2019-07-02,310
9767864,Owl's Landing- The Loft,50068597,Staten Island,40,2,157,2019-07-01,324
10413576,Quiet home free ferry to Manhattan,53627900,Staten Island,50,1,149,2019-07-01,276
9882254,Owl's Landing - Garden Room,50068597,Staten Island,52,2,137,2019-07-01,340
5771366,Authentic New York Vintage Home,1211067,Staten Island,49,2,151,2019-06-30,277
3892700,Cozy 1BR-Country living in NYC!,46969,Staten Island,70,2,242,2019-06-30,256
2889387,New York City near Staten Is. Ferry,2269517,Staten Island,95,2,234,2019-06-30,264
6746003,Retro Style Living In New York City,1211067,Staten Island,49,2,100,2019-06-29,284
13427412,Stunning 1 Bedroom Apartment. 8 minutes to Ferry,3156684,Staten Island,85,2,110,2019-06-27,248
62452,A SpeciaL!! Private Room in NY,303939,Staten Island,36,2,193,2019-06-25,360
17992512,Charming Suite in Historic Home,74282739,Staten Island,70,1,177,2019-06-24,230
4974843,Charming private Studio,25641892,Staten Island,70,2,196,2019-06-21,231
42882,New York room with a view,185978,Staten Island,70,2,166,2019-06-13,312
